Date,Price,Open,High,Low,Volume,SMA_14,Std_14,Residuals
2026-08-19,1222.25,1199.25,1224.5,1198.25,21836,1171.2142857142858,21.89943297980561,21.585322855910363
2026-08-20,1220.75,1221.0,1228.25,1218.5,21217,1174.6964285714287,25.597509376217893,-2.055197399440658
2026-08-21,1225.0,1218.75,1225.75,1209.75,20499,1178.7142857142858,28.805858302249753,3.267537104016583
2026-08-24,1216.0,1224.75,1225.75,1205.25,35626,1183.0714285714287,29.546805855549696,-11.053183902119372
2026-08-25,1228.0,1215.0,1229.5,1209.5,19938,1188.5357142857142,30.322601551268022,7.485106889736699
2026-08-26,1254.25,1228.5,1259.25,1223.25,17322,1195.4642857142858,33.535838628685795,20.057158797462762
2026-08-27,1256.5,1250.5,1260.5,1239.75,9338,1202.607142857143,35.206357911099026,-5.293195101154652
2026-08-28,1276.25,1257.5,1278.25,1257.5,7638,1211.0714285714287,37.74553317582128,11.196136746118327
2026-08-31,1275.25,1274.5,1278.5,1266.0,340,1220.1964285714287,36.619952864578195,-9.516229187898489
2026-09-01,1306.75,1304.0,1306.75,1304.0,214,1230.3392857142858,39.62342051487243,23.269340753587585
2026-09-02,1301.75,1300.75,1301.75,1293.75,200,1239.875,39.595642485604955,-13.25150126405697
2026-09-03,1306.25,1295.5,1306.25,1284.0,183,1249.3392857142858,38.391406182673094,-4.745066299416976
2026-09-04,1293.75,1308.0,1308.0,1293.75,26,1255.9642857142858,37.3979196694957,-18.689124093912596
2026-09-08,1302.5,1298.0,1302.5,1297.75,53,1263.232142857143,35.69023572107389,1.2452024396220622
2026-09-09,1295.25,1303.5,1307.0,1295.25,21,1268.4464285714287,34.5568342583298,-13.148668985927316
2026-09-10,1316.0,1300.75,1318.25,1300.75,6,1275.25,33.81240668978569,11.559372365936042
2026-09-11,1280.25,1296.0,1296.0,1280.25,3,1279.1964285714287,30.564587756534273,-41.763529441987885
2026-09-14,1285.25,1285.25,1285.25,1285.25,140746,1284.142857142857,24.565202539889135,-2.2768791783075812
2026-09-15,1318.75,1303.25,1319.5,1294.25,130387,1290.625,20.19561786058594,25.52831911058115
2026-09-16,1320.5,1318.0,1332.25,1313.5,122054,1295.357142857143,18.72490995302331,-4.486052829367054
2026-09-17,1319.75,1319.5,1331.75,1312.0,145289,1299.875,16.07068221715083,-7.193907328321302
2026-09-18,1303.5,1317.5,1322.0,1300.0,123932,1301.8214285714287,14.5692737041111,-19.41261478519914
2026-09-21,1328.0,1304.0,1328.5,1303.5,137564,1305.5892857142858,13.977869577072424,22.10806263037307
2026-09-22,1325.5,1327.0,1331.5,1318.5,117696,1306.9285714285713,14.96130540234425,-2.9447832305695556
2026-09-23,1318.0,1324.75,1327.25,1311.0,128115,1308.0892857142858,15.157698965002611,-9.73537000472652
2026-09-24,1317.5,1310.0,1327.75,1310.0,140637,1308.892857142857,15.34967873814267,-2.125511733633857
2026-09-25,1319.0,1317.5,1320.5,1297.5,193676,1310.6964285714287,14.910688787290756,-0.23315944270689215
2026-09-28,1288.25,1319.0,1322.5,1279.25,226871,1309.6785714285713,15.962524794146704,-29.23001415027329
2026-09-29,1297.75,1287.0,1304.0,1284.0,148577,1309.857142857143,15.801872541750418,8.013118804374699
2026-09-30,1293.0,1296.75,1311.5,1289.75,178661,1308.2142857142858,16.301798255872868,-4.202292065366237
