"Date","Price","Open","High","Low","Vol.","Change %"
"12/25/2022","1,524.00","1,495.75","1,537.50","1,485.00","321.32K","3.04%"
"12/18/2022","1,479.00","1,470.00","1,489.00","1,460.00","374.10K","-0.07%"
"12/11/2022","1,480.00","1,482.12","1,487.62","1,457.75","69.33K","-0.25%"
"12/04/2022","1,483.75","1,440.50","1,492.75","1,435.25","496.71K","3.15%"
"11/27/2022","1,438.50","1,428.25","1,478.50","1,424.00","420.75K","0.31%"
"11/20/2022","1,434.00","1,426.38","1,447.88","1,417.25","","0.40%"
"11/13/2022","1,428.25","1,460.00","1,464.75","1,406.75","284.96K","-1.63%"
"11/06/2022","1,451.88","1,453.00","1,468.62","1,421.00","","-0.71%"
"10/30/2022","1,462.25","1,415.00","1,465.50","1,397.75","425.04K","5.37%"
"10/23/2022","1,387.75","1,390.62","1,397.88","1,366.00","","-0.56%"
"10/16/2022","1,395.50","1,380.62","1,398.62","1,357.25","","0.85%"
"10/09/2022","1,383.75","1,367.00","1,414.00","1,365.25","688.95K","1.23%"
"10/02/2022","1,367.00","1,364.00","1,395.00","1,350.00","461.47K","0.16%"
"09/25/2022","1,364.75","1,425.00","1,437.12","1,363.25","","-4.28%"
"09/18/2022","1,425.75","1,446.00","1,488.75","1,420.50","","-1.57%"
"09/11/2022","1,448.50","1,408.75","1,508.25","1,402.25","","2.57%"
"09/04/2022","1,412.25","1,426.25","1,430.75","1,373.00","","-0.58%"
"08/28/2022","1,420.50","1,459.50","1,459.50","1,390.00","66.35K","-2.79%"
"08/21/2022","1,461.25","1,398.00","1,484.50","1,393.00","470.36K","4.08%"
"08/14/2022","1,404.00","1,441.75","1,443.75","1,376.00","360.31K","-3.46%"
"08/07/2022","1,454.25","1,398.50","1,464.75","1,391.25","347.80K","3.23%"
"07/31/2022","1,408.75","1,477.25","1,480.75","1,356.00","98.78K","-4.07%"
"07/24/2022","1,468.50","1,335.00","1,489.00","1,314.50","394.92K","2.37%"
"07/17/2022","1,434.50","1,478.25","1,513.50","1,407.75","95.19K","5.52%"
"07/10/2022","1,359.50","1,538.25","1,552.50","1,349.50","","-10.16%"
"07/03/2022","1,513.25","1,494.00","1,516.50","1,424.25","90.93K","0.23%"
"06/26/2022","1,509.75","1,510.75","1,601.25","1,504.00","163.01K","-6.27%"
"06/19/2022","1,610.75","1,695.00","1,702.00","1,583.00","331.11K","-5.36%"
"06/12/2022","1,702.00","1,751.50","1,757.00","1,682.25","398.03K","-2.49%"
"06/05/2022","1,745.50","1,709.00","1,784.00","1,690.00","540.63K","2.81%"
"05/29/2022","1,697.75","1,737.75","1,749.25","1,673.75","362.84K","-1.99%"
"05/22/2022","1,732.25","1,706.00","1,744.25","1,665.50","392.93K","1.58%"
"05/15/2022","1,705.25","1,657.50","1,710.75","1,645.25","329.36K","3.57%"
"05/08/2022","1,646.50","1,623.75","1,651.50","1,578.00","332.44K","1.34%"
"05/01/2022","1,624.75","1,684.12","1,688.12","1,618.25","","-3.56%"
"04/24/2022","1,684.75","1,687.25","1,704.75","1,656.50","","-1.82%"
"04/17/2022","1,716.00","1,688.75","1,757.50","1,688.50","330.52K","2.01%"
"04/10/2022","1,682.25","1,691.00","1,697.50","1,651.50","415.40K","-0.40%"
"04/03/2022","1,689.00","1,584.00","1,689.75","1,576.75","327.43K","6.71%"
"03/27/2022","1,582.75","1,704.00","1,710.00","1,580.75","","-7.46%"
"03/20/2022","1,710.25","1,673.00","1,736.50","1,666.75","311.05K","2.53%"
"03/13/2022","1,668.00","1,708.00","1,710.00","1,638.00","210.05K","-1.35%"
"03/06/2022","1,690.75","1,696.50","1,745.25","1,674.25","1.33K","0.87%"
"02/27/2022","1,676.25","1,642.50","1,709.00","1,621.00","9.09K","5.41%"
"02/20/2022","1,590.25","1,609.00","1,765.00","1,585.50","285.72K","-0.70%"
"02/13/2022","1,601.50","1,587.00","1,608.50","1,542.25","487.46K","1.17%"
"02/06/2022","1,583.00","1,571.00","1,633.00","1,559.00","800.25K","1.90%"
"01/30/2022","1,553.50","1,475.62","1,563.62","1,474.12","","5.68%"
"01/23/2022","1,470.00","1,419.50","1,479.00","1,382.50","526.57K","3.94%"
"01/16/2022","1,414.25","1,360.00","1,429.50","1,349.75","381.67K","4.24%"
"01/09/2022","1,356.75","1,394.00","1,396.00","1,359.25","0.84K","-3.19%"
"01/02/2022","1,401.50","1,340.25","1,405.50","1,332.00","7.68K","5.48%"
"12/26/2021","1,328.75","1,337.50","1,375.75","1,323.25","164.77K","-0.24%"
"12/19/2021","1,332.00","1,289.50","1,334.00","1,278.50","294.44K","3.64%"
"12/12/2021","1,285.25","1,271.00","1,297.50","1,237.50","426.18K","1.38%"
"12/05/2021","1,267.75","1,271.75","1,276.50","1,238.25","471.82K","0.04%"
"11/28/2021","1,267.25","1,260.75","1,270.00","1,214.25","415.36K","1.16%"
"11/21/2021","1,252.75","1,265.12","1,280.88","1,240.25","72.91K","-0.83%"
"11/14/2021","1,263.25","1,242.25","1,289.25","1,238.00","425.14K","2.37%"
"11/07/2021","1,234.00","1,190.00","1,237.75","1,171.25","2.27K","3.50%"
"10/31/2021","1,192.25","1,236.25","1,250.25","1,191.00","9.84K","-3.52%"
"10/24/2021","1,235.75","1,218.75","1,257.50","1,216.00","427.49K","1.29%"
"10/17/2021","1,220.00","1,218.50","1,249.38","1,210.25","","0.10%"
"10/10/2021","1,218.75","1,239.75","1,251.38","1,184.62","","-1.91%"
"10/03/2021","1,242.50","1,244.00","1,262.62","1,231.12","","-0.42%"
"09/26/2021","1,247.75","1,283.50","1,296.88","1,242.12","","-2.85%"
"09/19/2021","1,284.38","1,283.00","1,290.12","1,257.62","","0.02%"
"09/12/2021","1,284.12","1,290.62","1,308.00","1,275.88","","-0.29%"
"09/05/2021","1,287.88","1,291.88","1,305.62","1,263.25","","-0.20%"
"08/29/2021","1,290.50","1,319.12","1,336.12","1,270.12","","-2.23%"
"08/22/2021","1,319.88","1,288.25","1,339.38","1,287.00","","2.14%"
"08/15/2021","1,292.25","1,355.50","1,379.75","1,277.62","","-5.35%"
"08/08/2021","1,365.25","1,339.50","1,368.75","1,323.38","","1.98%"
"08/01/2021","1,338.75","1,350.12","1,358.88","1,308.88","","-0.71%"
"07/25/2021","1,348.38","1,342.75","1,387.38","1,332.12","","-0.02%"
"07/18/2021","1,348.62","1,386.25","1,417.75","1,342.38","","-2.85%"
"07/11/2021","1,388.25","1,324.88","1,408.12","1,319.50","","4.65%"
"07/04/2021","1,326.62","1,311.50","1,345.88","1,300.62","","-5.11%"
"06/27/2021","1,398.00","1,268.88","1,422.88","1,268.25","","5.14%"
"06/20/2021","1,329.62","1,393.00","1,427.25","1,326.12","","-4.84%"
"06/13/2021","1,397.25","1,509.50","1,509.50","1,323.75","","-7.34%"
"06/06/2021","1,508.00","1,605.75","1,623.00","1,496.62","","-4.71%"
"05/30/2021","1,582.62","1,543.62","1,588.88","1,537.25","","3.54%"
"05/23/2021","1,528.50","1,522.50","1,555.50","1,489.75","","0.28%"
"05/16/2021","1,524.25","1,583.62","1,604.75","1,512.38","","-4.20%"
"05/09/2021","1,591.00","1,581.62","1,667.12","1,573.25","","0.09%"
"05/02/2021","1,589.50","1,547.75","1,599.38","1,516.00","","3.51%"
"04/25/2021","1,535.62","1,525.00","1,574.75","1,490.75","","-0.29%"
"04/18/2021","1,540.12","1,439.62","1,549.62","1,434.75","","7.46%"
"04/11/2021","1,433.25","1,404.12","1,437.62","1,378.50","","2.16%"
"04/04/2021","1,402.88","1,408.88","1,430.88","1,400.88","","0.07%"
"03/28/2021","1,401.88","1,401.25","1,456.00","1,364.25","","0.04%"
"03/21/2021","1,401.38","1,418.12","1,434.88","1,399.12","","-1.09%"
"03/14/2021","1,416.88","1,409.62","1,425.00","1,390.12","","0.28%"
"03/07/2021","1,412.88","1,442.88","1,459.88","1,392.38","","-1.41%"
"02/28/2021","1,433.12","1,415.25","1,437.88","1,380.88","","1.79%"
"02/21/2021","1,407.88","1,379.50","1,445.75","1,374.62","","2.14%"
"02/14/2021","1,378.38","1,367.00","1,393.88","1,366.50","","0.53%"
"02/07/2021","1,371.12","1,367.88","1,408.50","1,338.12","","0.27%"
"01/31/2021","1,367.38","1,364.38","1,382.75","1,341.62","","-0.01%"
"01/24/2021","1,367.50","1,306.25","1,394.00","1,298.25","","4.40%"
"01/17/2021","1,309.88","1,423.12","1,423.12","1,306.12","","-7.40%"
"01/10/2021","1,414.50","1,380.12","1,436.25","1,354.12","","2.73%"
"01/03/2021","1,376.88","1,318.38","1,385.88","1,301.00","","5.09%"
"12/27/2020","1,310.25","1,265.25","1,320.60","1,246.38","","3.63%"
"12/20/2020","1,264.40","1,230.38","1,274.88","1,217.50","","3.82%"
"12/13/2020","1,217.88","1,164.12","1,224.62","1,161.62","","4.91%"
"12/06/2020","1,160.90","1,158.75","1,176.40","1,142.88","","-0.06%"
"11/29/2020","1,161.62","1,198.38","1,198.75","1,142.62","","-2.68%"
"11/22/2020","1,193.62","1,197.00","1,199.62","1,174.12","","1.02%"
"11/15/2020","1,181.62","1,149.88","1,196.62","1,144.12","","2.89%"
"11/08/2020","1,148.38","1,102.00","1,162.12","1,099.88","","4.10%"
"11/01/2020","1,103.12","1,060.25","1,112.38","1,041.62","","4.38%"
"10/25/2020","1,056.88","1,085.62","1,093.88","1,046.88","","-2.75%"
"10/18/2020","1,086.75","1,051.25","1,088.38","1,048.12","","3.44%"
"10/11/2020","1,050.62","1,065.62","1,073.38","1,031.62","","-1.39%"
"10/04/2020","1,065.38","1,019.50","1,078.00","1,015.88","","4.46%"
"09/27/2020","1,019.88","1,000.88","1,034.88","985.88","","1.85%"
"09/20/2020","1,001.38","1,039.75","1,045.12","995.38","","-4.03%"
"09/13/2020","1,043.38","996.38","1,046.50","985.12","","4.63%"
"09/06/2020","997.25","970.88","997.88","962.12","","2.93%"
"08/30/2020","968.88","955.50","969.62","942.88","","1.79%"
"08/23/2020","951.88","905.38","951.88","901.12","","5.34%"
"08/16/2020","903.62","901.12","919.62","901.12","","0.64%"
"08/09/2020","897.88","867.88","902.38","865.38","","3.06%"
"08/02/2020","871.25","891.75","903.00","870.50","","-2.90%"
"07/26/2020","897.25","903.75","909.38","884.25","","-0.90%"
"07/19/2020","905.38","898.62","909.75","892.12","","0.77%"
"07/12/2020","898.50","886.75","898.75","870.62","","1.33%"
"07/05/2020","886.75","896.38","904.25","883.75","","-0.60%"
"06/28/2020","892.12","864.12","898.50","860.00","","3.05%"
"06/21/2020","865.75","875.62","879.88","861.88","","-1.16%"
"06/14/2020","875.88","870.88","880.38","860.25","","0.46%"
"06/07/2020","871.88","869.38","872.88","856.62","","0.40%"
"05/31/2020","868.38","844.00","873.12","834.12","","3.32%"
"05/24/2020","840.50","833.50","852.12","832.62","","0.84%"
"05/17/2020","833.50","840.12","849.38","828.62","","-0.46%"
"05/10/2020","837.38","854.50","861.12","835.12","","-1.51%"
"05/03/2020","850.25","848.00","856.62","831.62","","0.18%"
"04/26/2020","848.75","838.38","855.88","829.62","","2.21%"
"04/19/2020","830.38","833.38","848.38","808.38","","-0.18%"
"04/12/2020","831.88","864.62","869.88","831.75","","-3.63%"
"04/05/2020","863.25","853.12","866.88","848.62","","1.10%"
"03/29/2020","853.88","880.00","892.38","850.38","","-3.37%"
"03/22/2020","883.62","859.38","896.62","858.62","","2.34%"
"03/15/2020","863.38","842.62","864.62","821.12","","1.89%"
"03/08/2020","847.38","882.88","884.88","845.50","","-4.79%"
"03/01/2020","890.00","891.88","912.25","888.62","","-0.35%"
"02/23/2020","893.12","895.88","898.88","878.62","","0.60%"
"02/16/2020","887.75","892.62","902.00","885.12","","-0.57%"
"02/09/2020","892.88","883.62","899.62","878.12","","1.16%"
"02/02/2020","882.62","871.12","887.88","868.88","","1.15%"
"01/26/2020","872.62","899.38","902.88","872.38","","-3.27%"
"01/19/2020","902.12","930.38","931.62","900.62","","-2.92%"
"01/12/2020","929.25","948.38","948.62","920.12","","-1.77%"
"01/05/2020","946.00","928.75","954.50","927.62","","1.75%"
"12/29/2019","929.75","929.50","949.12","926.75","","-0.01%"
"12/22/2019","929.88","929.00","941.38","927.62","","0.19%"
"12/15/2019","928.12","912.88","930.88","912.88","","2.32%"
"12/08/2019","907.12","886.12","916.88","885.62","","2.02%"
"12/01/2019","889.12","876.62","894.12","867.62","","1.43%"
"11/24/2019","876.62","895.75","902.62","876.12","","-2.15%"
"11/17/2019","895.88","919.12","921.62","895.62","","-2.42%"
"11/10/2019","918.12","927.88","928.88","910.88","","-1.30%"
"11/03/2019","930.25","935.12","942.12","926.62","","-0.67%"
"10/27/2019","936.50","935.50","940.12","925.12","","1.53%"
"10/20/2019","922.38","933.00","945.12","919.62","","-1.23%"
"10/13/2019","933.88","941.62","945.38","927.38","","-0.05%"
"10/06/2019","934.38","917.12","939.12","910.50","","2.03%"
"09/29/2019","915.75","884.62","921.12","883.88","","3.71%"
"09/22/2019","883.00","882.88","899.12","881.62","","0.07%"
"09/15/2019","882.38","904.12","904.12","880.88","","-1.77%"
"09/08/2019","898.25","857.50","903.38","851.12","","4.75%"
"09/01/2019","857.50","866.38","879.38","856.12","","-1.24%"
"08/25/2019","868.25","855.88","877.62","852.62","","1.54%"
"08/18/2019","855.12","878.88","881.88","855.12","","-2.70%"
"08/11/2019","878.88","891.62","896.62","870.38","","-1.62%"
"08/04/2019","893.38","870.12","894.38","854.62","","2.67%"
"07/28/2019","870.12","899.50","908.75","860.12","","-3.23%"
"07/21/2019","899.12","919.88","921.88","898.12","","-2.18%"
"07/14/2019","919.12","934.38","936.38","893.12","","-1.36%"
"07/07/2019","931.75","899.25","932.25","890.38","","6.41%"
"06/30/2019","875.62","881.50","915.12","874.62","","-3.21%"
"06/23/2019","904.62","906.62","923.00","889.50","","0.14%"
"06/16/2019","903.38","901.62","921.38","896.62","","0.74%"
"06/09/2019","896.75","853.00","898.12","848.38","","4.82%"
"06/02/2019","855.50","876.12","894.50","855.12","","-2.59%"
"05/26/2019","878.25","839.25","892.62","837.62","","5.93%"
"05/19/2019","829.12","828.88","846.38","817.38","","0.99%"
"05/12/2019","821.00","804.00","848.12","791.38","","1.56%"
"05/05/2019","808.38","827.88","836.38","806.25","","-3.89%"
"04/28/2019","841.12","868.25","872.88","840.75","","-1.42%"
"04/21/2019","853.25","881.12","883.12","852.75","","-3.12%"
"04/14/2019","880.75","895.12","901.88","876.62","","-1.63%"
"04/07/2019","895.38","899.12","903.88","893.38","","-0.36%"
"03/31/2019","898.62","883.88","907.12","883.88","","1.67%"
"03/24/2019","883.88","903.88","908.12","883.12","","-2.24%"
"03/17/2019","904.12","909.88","911.88","899.38","","-0.58%"
"03/10/2019","909.38","897.88","910.62","887.88","","1.59%"
"03/03/2019","895.12","914.88","924.38","892.38","","-1.70%"
"02/24/2019","910.62","930.88","934.38","900.62","","0.04%"
"02/17/2019","910.25","907.50","916.12","893.12","","0.29%"
"02/10/2019","907.62","914.75","919.88","901.38","","-0.97%"
"02/03/2019","916.50","917.50","923.62","908.12","","-0.10%"
"01/27/2019","917.38","922.50","931.00","913.38","","-0.65%"
"01/20/2019","923.38","915.00","925.88","899.88","","0.90%"
"01/13/2019","915.12","910.25","920.12","891.12","","0.51%"
"01/06/2019","910.50","921.00","927.62","905.75","","-1.26%"
"12/30/2018","922.12","893.25","922.38","892.00","","4.46%"
"12/23/2018","882.75","881.12","888.75","867.00","","-0.06%"
"12/16/2018","883.25","898.50","912.25","883.25","","-1.89%"
"12/09/2018","900.25","914.75","928.00","900.00","","-1.72%"
"12/02/2018","916.00","919.25","923.25","897.00","","2.55%"
"11/25/2018","893.25","881.00","896.50","857.25","","1.42%"
"11/18/2018","880.75","891.50","891.50","870.75","","-1.32%"
"11/11/2018","892.50","886.00","897.25","877.25","","0.73%"
"11/04/2018","886.00","886.75","892.75","864.50","","-0.08%"
"10/28/2018","886.75","858.50","900.75","844.75","","4.97%"
"10/21/2018","844.75","855.75","862.75","840.00","","-1.34%"
"10/14/2018","856.25","867.00","892.00","856.25","","-1.30%"
"10/07/2018","867.50","872.25","874.75","847.00","","-0.20%"
"09/30/2018","869.25","845.00","870.25","843.00","","2.96%"
"09/23/2018","844.25","844.50","859.25","837.25","","-0.65%"
"09/16/2018","849.75","827.75","854.75","812.25","","2.32%"
"09/09/2018","830.50","841.75","851.25","821.25","","-1.72%"
"09/02/2018","845.00","845.50","851.25","834.75","","-0.06%"
"08/26/2018","845.50","851.00","853.25","829.00","","-1.05%"
"08/19/2018","854.50","903.00","906.00","853.50","","-3.58%"
"08/12/2018","886.25","846.00","888.25","839.75","","4.26%"
"08/05/2018","850.00","890.50","903.50","849.75","","-4.76%"
"07/29/2018","892.50","884.25","911.50","873.25","","2.56%"
"07/22/2018","870.25","850.25","881.00","842.50","","2.35%"
"07/15/2018","850.25","817.75","853.25","810.75","","3.82%"
"07/08/2018","819.00","875.50","879.50","811.75","","-6.67%"
"07/01/2018","877.50","865.25","880.75","837.00","","1.71%"
"06/24/2018","862.75","901.25","904.25","862.50","","-3.76%"
"06/17/2018","896.50","905.25","914.00","842.50","","-0.86%"
"06/10/2018","904.25","967.00","972.25","903.00","","-6.71%"
"06/03/2018","969.25","1,013.00","1,014.50","962.75","","-5.37%"
"05/27/2018","1,024.25","1,045.50","1,049.50","1,014.25","","-1.70%"
"05/20/2018","1,042.00","998.00","1,050.75","998.00","","4.41%"
"05/13/2018","998.00","1,002.75","1,025.75","992.50","","-0.40%"
"05/06/2018","1,002.00","1,035.00","1,040.00","1,002.00","","-3.33%"
"04/29/2018","1,036.50","1,058.00","1,067.50","1,034.00","","-0.86%"
"04/22/2018","1,045.50","1,029.50","1,046.75","1,016.25","","1.55%"
"04/15/2018","1,029.50","1,054.75","1,058.75","1,027.75","","-2.16%"
"04/08/2018","1,052.25","1,039.00","1,067.25","1,038.75","","1.69%"
"04/01/2018","1,034.75","1,046.00","1,060.50","983.50","","-0.96%"
"03/25/2018","1,044.75","1,026.50","1,050.50","1,012.50","","1.65%"
"03/18/2018","1,027.75","1,045.25","1,045.25","1,009.25","","-1.91%"
"03/11/2018","1,047.75","1,036.25","1,054.00","1,027.75","","1.06%"
"03/04/2018","1,036.75","1,073.50","1,079.25","1,036.75","","-3.11%"
"02/25/2018","1,070.00","1,051.25","1,082.50","1,043.75","","3.18%"
"02/18/2018","1,037.00","1,021.25","1,039.50","1,019.25","","1.54%"
"02/11/2018","1,021.25","996.00","1,028.25","989.00","","3.79%"
"02/04/2018","984.00","978.50","995.75","967.75","","0.56%"
"01/28/2018","978.50","991.75","1,004.75","977.00","","-0.76%"
"01/21/2018","986.00","980.50","1,001.50","979.50","","1.08%"
"01/14/2018","975.50","965.50","982.75","961.25","","1.35%"
"01/07/2018","962.50","970.00","971.50","944.50","","-0.75%"
"12/31/2017","969.75","967.50","976.75","958.75","","0.75%"
"12/24/2017","962.50","964.00","975.50","955.00","","1.31%"
"12/17/2017","950.10","969.88","970.12","946.62","","-1.79%"
"12/10/2017","967.38","988.88","988.88","964.12","","-2.22%"
"12/03/2017","989.38","998.38","1,014.88","986.12","","-0.50%"
"11/26/2017","994.38","993.88","1,001.38","985.12","","0.13%"
"11/19/2017","993.12","989.88","999.62","983.12","","0.25%"
"11/12/2017","990.62","987.12","991.88","967.12","","0.35%"
"11/05/2017","987.12","987.12","1,007.62","983.62","","-0.03%"
"10/29/2017","987.38","986.88","1,000.38","982.12","","1.31%"
"10/22/2017","974.62","977.12","983.12","969.88","","-0.41%"
"10/15/2017","978.62","997.88","998.75","978.62","","-2.08%"
"10/08/2017","999.38","974.38","1,003.12","961.88","","2.78%"
"10/01/2017","972.38","967.38","972.88","952.62","","0.57%"
"09/24/2017","966.88","983.38","985.62","955.38","","-1.78%"
"09/17/2017","984.38","966.62","986.88","958.62","","1.60%"
"09/10/2017","968.88","964.62","978.12","938.62","","0.73%"
"09/03/2017","961.88","953.38","977.25","952.62","","1.37%"
"08/27/2017","948.88","943.88","951.62","931.62","","1.04%"
"08/20/2017","939.12","935.12","943.12","927.88","","0.19%"
"08/13/2017","937.38","929.62","938.88","917.38","","-0.08%"
"08/06/2017","938.12","957.75","980.38","930.38","","-1.43%"
"07/30/2017","951.75","994.88","1,001.62","948.88","","-4.84%"
"07/23/2017","1,000.12","999.38","1,022.38","973.38","","-0.92%"
"07/16/2017","1,009.38","988.88","1,017.38","981.62","","2.10%"
"07/09/2017","988.62","1,013.12","1,032.62","972.12","","-1.25%"
"07/02/2017","1,001.12","956.62","1,003.38","956.12","","5.56%"
"06/25/2017","948.38","909.12","950.38","908.25","","4.87%"
"06/18/2017","904.38","936.62","947.38","900.38","","-3.73%"
"06/11/2017","939.38","941.62","942.62","925.62","","-0.21%"
"06/04/2017","941.38","925.38","944.62","917.88","","2.26%"
"05/28/2017","920.62","927.62","928.38","909.62","","-0.62%"
"05/21/2017","926.38","954.12","960.88","925.62","","-2.81%"
"05/14/2017","953.12","962.62","980.50","942.88","","-1.01%"
"05/07/2017","962.88","971.62","988.50","960.62","","-1.05%"
"04/30/2017","973.12","961.88","982.88","958.62","","1.67%"
"04/23/2017","957.12","963.25","971.88","952.50","","0.66%"
"04/16/2017","950.88","958.62","961.88","939.88","","-0.50%"
"04/09/2017","955.62","944.12","959.38","929.88","","1.40%"
"04/02/2017","942.38","946.38","949.12","936.62","","-0.37%"
"03/26/2017","945.88","976.12","978.62","944.38","","-3.05%"
"03/19/2017","975.62","1,003.62","1,008.62","972.38","","-2.45%"
"03/12/2017","1,000.12","1,006.38","1,010.12","992.12","","-0.65%"
"03/05/2017","1,006.62","1,039.12","1,048.38","1,003.12","","-2.92%"
"02/26/2017","1,036.88","1,027.38","1,056.12","1,017.12","","2.27%"
"02/19/2017","1,013.90","1,033.88","1,044.40","1,009.38","","-2.03%"
"02/12/2017","1,034.90","1,059.38","1,062.62","1,031.10","","-2.19%"
"02/05/2017","1,058.10","1,027.88","1,063.40","1,026.38","","3.07%"
"01/29/2017","1,026.60","1,043.88","1,044.12","1,017.10","","-2.17%"
"01/22/2017","1,049.40","1,066.88","1,069.40","1,043.10","","-1.69%"
"01/15/2017","1,067.40","1,054.12","1,079.90","1,052.38","","2.22%"
"01/08/2017","1,044.20","995.12","1,052.62","993.60","","4.90%"
"01/01/2017","995.40","1,005.40","1,015.90","992.75","","-0.97%"
"12/25/2016","1,005.10","998.62","1,028.40","998.38","","1.54%"
"12/18/2016","989.88","1,031.88","1,038.75","987.88","","-4.39%"
"12/11/2016","1,035.38","1,040.75","1,047.38","1,018.38","","-0.08%"
"12/04/2016","1,036.25","1,030.12","1,061.38","1,021.38","","0.45%"
"11/27/2016","1,031.62","1,044.38","1,064.88","1,022.38","","-1.32%"
"11/20/2016","1,045.38","997.75","1,046.50","997.62","","5.26%"
"11/13/2016","993.12","988.12","997.62","975.62","","0.65%"
"11/06/2016","986.75","991.50","1,020.38","977.12","","-0.37%"
"10/30/2016","990.38","1,013.62","1,018.12","983.38","","-1.12%"
"10/23/2016","1,001.62","981.88","1,019.88","979.88","","2.04%"
"10/16/2016","981.62","961.62","989.62","961.25","","2.08%"
"10/09/2016","961.62","955.12","974.12","937.38","","0.46%"
"10/02/2016","957.25","952.75","974.88","946.62","","0.21%"
"09/25/2016","955.25","952.25","960.12","934.12","","-0.07%"
"09/18/2016","955.88","970.88","993.88","952.75","","-1.21%"
"09/11/2016","967.62","977.12","989.25","940.62","","-1.40%"
"09/04/2016","981.38","954.38","983.12","946.62","","3.15%"
"08/28/2016","951.38","964.62","968.50","937.12","","-3.95%"
"08/21/2016","990.50","1,024.75","1,041.12","982.75","","-3.51%"
"08/14/2016","1,026.50","999.88","1,034.88","996.88","","2.86%"
"08/07/2016","998.00","996.75","1,014.88","980.50","","1.04%"
"07/31/2016","987.75","1,009.88","1,017.50","961.62","","-3.10%"
"07/24/2016","1,019.38","993.25","1,022.88","973.75","","1.24%"
"07/17/2016","1,006.88","1,062.88","1,082.00","985.25","","-6.26%"
"07/10/2016","1,074.12","1,096.88","1,140.75","1,056.62","","-0.76%"
"07/03/2016","1,082.38","1,144.75","1,144.75","1,045.75","","-7.02%"
"06/26/2016","1,164.12","1,101.38","1,181.12","1,101.38","","5.77%"
"06/19/2016","1,100.62","1,156.50","1,156.75","1,099.38","","-5.06%"
"06/12/2016","1,159.25","1,194.88","1,198.25","1,128.88","","-1.68%"
"06/05/2016","1,179.00","1,144.62","1,207.75","1,129.12","","4.17%"
"05/29/2016","1,131.75","1,088.38","1,168.12","1,068.62","","4.22%"
"05/22/2016","1,085.88","1,077.12","1,097.88","1,043.88","","0.94%"
"05/15/2016","1,075.75","1,060.25","1,087.88","1,051.38","","1.02%"
"05/08/2016","1,064.88","1,036.88","1,090.62","1,019.12","","3.10%"
"05/01/2016","1,032.88","1,028.12","1,057.12","1,008.62","","0.29%"
"04/24/2016","1,029.88","994.62","1,046.12","986.38","","4.52%"
"04/17/2016","985.38","954.12","1,034.62","949.88","","2.95%"
"04/10/2016","957.12","916.12","959.38","915.38","","4.48%"
"04/03/2016","916.12","918.25","922.38","901.12","","-0.04%"
"03/27/2016","916.50","911.12","917.88","896.88","","0.67%"
"03/20/2016","910.38","895.38","913.88","892.38","","1.45%"
"03/13/2016","897.38","892.62","904.62","886.12","","0.22%"
"03/06/2016","895.38","881.25","896.62","875.38","","1.94%"
"02/28/2016","878.38","862.88","879.13","856.12","","1.77%"
"02/21/2016","863.12","881.75","889.88","861.88","","-1.74%"
"02/14/2016","878.38","876.38","885.38","873.38","","0.66%"
"02/07/2016","872.63","867.38","875.38","859.63","","0.61%"
"01/31/2016","867.38","882.88","889.38","867.38","","-1.70%"
"01/24/2016","882.38","876.63","884.88","867.13","","0.68%"
"01/17/2016","876.38","878.38","887.88","870.63","","-0.23%"
"01/10/2016","878.38","865.50","884.38","857.38","","1.50%"
"01/03/2016","865.38","863.13","870.63","852.38","","0.20%"
"12/27/2015","863.63","874.25","874.25","860.63","","-1.50%"
"12/20/2015","876.75","891.63","896.13","875.13","","-1.67%"
"12/13/2015","891.63","870.75","893.38","854.25","","2.38%"
"12/06/2015","870.88","905.75","909.63","869.88","","-3.92%"
"11/29/2015","906.38","873.13","906.38","870.38","","3.72%"
"11/22/2015","873.88","854.50","877.63","844.38","","1.84%"
"11/15/2015","858.13","854.50","867.63","851.38","","0.29%"
"11/08/2015","855.63","867.63","871.88","850.13","","-1.33%"
"11/01/2015","867.13","887.88","890.88","858.38","","-2.03%"
"10/25/2015","885.13","895.50","899.88","875.63","","-1.12%"
"10/18/2015","895.13","897.13","912.88","889.63","","-0.33%"
"10/11/2015","898.13","886.13","919.63","885.88","","1.50%"
"10/04/2015","884.88","874.13","896.63","871.63","","1.26%"
"09/27/2015","873.88","888.50","901.75","868.38","","-1.69%"
"09/20/2015","888.88","867.88","889.88","858.13","","2.51%"
"09/13/2015","867.13","875.63","894.38","867.13","","-0.83%"
"09/06/2015","874.38","870.38","885.63","854.88","","0.92%"
"08/30/2015","866.38","884.25","888.13","865.13","","-2.98%"
"08/23/2015","893.00","901.25","908.25","874.38","","-1.48%"
"08/16/2015","906.38","919.00","933.25","898.75","","-2.00%"
"08/09/2015","924.88","979.38","1,009.13","910.50","","-5.32%"
"08/02/2015","976.88","950.38","976.88","939.75","","2.49%"
"07/26/2015","953.13","962.50","970.25","937.88","","-3.81%"
"07/19/2015","990.88","1,011.00","1,028.88","988.88","","-2.30%"
"07/12/2015","1,014.25","1,030.25","1,053.13","1,007.63","","-1.68%"
"07/05/2015","1,031.63","1,032.00","1,048.00","987.63","","-0.52%"
"06/28/2015","1,037.00","992.00","1,054.75","985.50","","3.74%"
"06/21/2015","999.63","972.63","1,024.13","971.63","","2.93%"
"06/14/2015","971.13","939.88","981.63","930.38","","3.37%"
"06/07/2015","939.50","938.00","957.38","933.38","","0.09%"
"05/31/2015","938.63","931.63","951.88","921.63","","0.45%"
"05/24/2015","934.38","923.63","937.38","920.63","","1.03%"
"05/17/2015","924.88","953.38","964.13","923.13","","-2.93%"
"05/10/2015","952.75","976.38","981.88","950.38","","-2.29%"
"05/03/2015","975.13","964.38","990.38","962.88","","1.08%"
"04/26/2015","964.75","967.63","994.88","961.88","","-0.45%"
"04/19/2015","969.13","968.00","982.88","965.38","","0.16%"
"04/12/2015","967.63","948.50","976.38","946.00","","1.65%"
"04/05/2015","951.88","985.38","990.13","944.75","","-3.34%"
"03/29/2015","984.75","966.88","992.63","958.13","","1.78%"
"03/22/2015","967.50","974.88","989.88","965.13","","-0.54%"
"03/15/2015","972.75","972.63","979.88","953.63","","-0.21%"
"03/08/2015","974.75","988.38","998.88","972.63","","-1.08%"
"03/01/2015","985.38","1,030.13","1,038.88","976.88","","-4.37%"
"02/22/2015","1,030.38","1,004.13","1,037.88","994.63","","3.05%"
"02/15/2015","999.88","992.38","1,016.63","990.88","","0.98%"
"02/08/2015","990.13","974.13","997.63","966.13","","1.66%"
"02/01/2015","974.00","961.38","998.88","959.13","","1.29%"
"01/25/2015","961.63","972.38","985.38","955.13","","-1.11%"
"01/18/2015","972.38","983.13","992.38","967.38","","-1.84%"
"01/11/2015","990.63","1,049.63","1,059.75","983.25","","-5.83%"
"01/04/2015","1,052.00","1,006.38","1,061.63","1,006.38","","4.46%"
"12/28/2014","1,007.13","1,053.50","1,067.75","1,007.13","","-3.82%"
"12/21/2014","1,047.13","1,030.38","1,048.13","1,025.38","","1.63%"
"12/14/2014","1,030.38","1,047.50","1,054.88","1,015.38","","-1.63%"
"12/07/2014","1,047.50","1,038.63","1,060.13","1,026.13","","0.85%"
"11/30/2014","1,038.63","1,014.13","1,040.63","983.88","","2.42%"
"11/23/2014","1,014.13","1,036.13","1,054.63","1,013.13","","-2.45%"
"11/16/2014","1,039.63","1,022.13","1,041.88","1,003.88","","1.74%"
"11/09/2014","1,021.88","1,035.13","1,086.13","1,020.38","","-1.64%"
"11/02/2014","1,038.88","1,045.63","1,047.63","995.63","","-0.41%"
"10/26/2014","1,043.13","978.63","1,059.13","973.38","","6.62%"
"10/19/2014","978.38","949.50","1,001.88","936.13","","2.84%"
"10/12/2014","951.38","920.00","978.25","915.88","","3.06%"
"10/05/2014","923.13","913.13","954.88","912.38","","1.26%"
"09/28/2014","911.63","907.75","929.88","904.38","","0.11%"
"09/21/2014","910.63","953.25","954.50","909.88","","-4.91%"
"09/14/2014","957.63","975.75","999.63","956.25","","-2.75%"
"09/07/2014","984.75","1,020.38","1,027.88","970.00","","-3.50%"
"08/31/2014","1,020.50","1,020.50","1,037.88","1,001.38","","-0.37%"
"08/24/2014","1,024.25","1,040.75","1,042.00","1,019.88","","-12.19%"
"08/17/2014","1,166.50","1,101.13","1,170.38","1,098.75","","5.80%"
"08/10/2014","1,102.50","1,094.00","1,113.75","1,071.88","","-29.08%"
"10/28/2012","1,554.63","1,561.13","1,563.13","1,526.38","","-0.38%"
"10/21/2012","1,560.63","1,531.25","1,574.63","1,526.88","","1.79%"
"10/14/2012","1,533.25","1,522.38","1,555.63","1,485.88","","0.71%"
"10/07/2012","1,522.38","1,552.25","1,573.75","1,510.13","","-1.92%"
"09/30/2012","1,552.25","1,596.50","1,599.88","1,504.13","","-2.89%"
"09/23/2012","1,598.38","1,621.50","1,625.88","1,557.63","","-1.60%"
"09/16/2012","1,624.38","1,733.63","1,736.38","1,607.63","","-6.55%"
"09/09/2012","1,738.25","1,729.37","1,765.13","1,693.63","","0.29%"
"09/02/2012","1,733.25","1,772.63","1,788.88","1,725.63","","-0.27%"
"08/19/2012","1,737.88","1,671.00","1,764.88","1,666.88","","3.97%"
"08/12/2012","1,671.50","1,662.50","1,679.37","1,610.25","","-0.13%"
"08/05/2012","1,673.63","1,607.88","1,698.88","1,570.75","","2.32%"
"07/29/2012","1,635.63","1,646.00","1,682.88","1,601.63","","-2.83%"
"07/22/2012","1,683.25","1,759.88","1,759.88","1,618.13","","-4.27%"
"07/15/2012","1,758.38","1,613.50","1,777.62","1,610.00","","10.17%"
"07/08/2012","1,596.13","1,589.38","1,625.25","1,553.00","","7.78%"
"06/24/2012","1,480.88","1,442.75","1,486.38","1,440.75","","2.69%"
"06/17/2012","1,442.13","1,383.13","1,464.13","1,375.50","","4.80%"
"06/10/2012","1,376.13","1,423.50","1,444.63","1,370.88","","-3.66%"
"06/03/2012","1,428.38","1,350.63","1,438.63","1,331.63","","6.61%"
"05/27/2012","1,339.88","1,381.88","1,401.88","1,326.88","","-4.86%"
"05/13/2012","1,408.38","1,405.88","1,449.63","1,376.13","","0.37%"
"05/06/2012","1,403.13","1,470.63","1,478.63","1,402.63","","-5.06%"
"04/29/2012","1,477.88","1,490.25","1,512.38","1,458.38","","-0.99%"
"04/22/2012","1,492.63","1,451.13","1,506.38","1,437.63","","2.67%"
"04/15/2012","1,453.88","1,433.88","1,453.88","1,404.00","","1.18%"
"04/08/2012","1,436.88","1,430.50","1,451.25","1,415.38","","2.50%"
"03/25/2012","1,401.88","1,365.50","1,415.88","1,351.13","","2.58%"
"03/18/2012","1,366.63","1,374.63","1,377.88","1,338.63","","-0.65%"
"03/11/2012","1,375.50","1,337.75","1,377.13","1,331.50","","2.83%"
"03/04/2012","1,337.63","1,329.75","1,355.38","1,315.63","","4.48%"
"02/26/2012","1,280.25","1,270.88","1,284.50","1,260.25","","1.08%"
"02/19/2012","1,266.63","1,237.63","1,273.13","1,232.38","","3.07%"
"02/12/2012","1,228.88","1,230.88","1,247.38","1,215.63","","-0.32%"
"02/05/2012","1,232.88","1,214.13","1,236.38","1,184.63","","1.21%"
"01/29/2012","1,218.13","1,194.13","1,230.88","1,192.25","","2.77%"
"01/22/2012","1,185.25","1,163.63","1,203.88","1,163.38","","2.39%"
"01/15/2012","1,157.63","1,195.25","1,236.88","1,150.38","","-3.04%"
"01/08/2012","1,193.88","1,211.88","1,244.38","1,193.88","","2.62%"
"12/18/2011","1,163.38","1,137.38","1,167.88","1,131.75","","5.15%"
"12/04/2011","1,106.38","1,139.88","1,148.13","1,100.38","","-0.23%"
"11/27/2011","1,108.88","1,171.88","1,174.13","1,102.88","","-5.34%"
"11/20/2011","1,171.38","1,178.25","1,206.13","1,152.88","","-0.40%"
"11/13/2011","1,176.13","1,220.63","1,222.88","1,167.00","","-3.63%"
"11/06/2011","1,220.38","1,227.50","1,231.38","1,190.75","","-0.47%"
"10/23/2011","1,226.13","1,220.13","1,252.13","1,217.88","","1.13%"
"10/16/2011","1,212.38","1,269.13","1,271.75","1,201.63","","-4.49%"
"10/09/2011","1,269.38","1,159.50","1,275.63","1,158.63","","9.35%"
"10/02/2011","1,160.88","1,176.38","1,189.63","1,152.25","","-1.21%"
"09/25/2011","1,175.13","1,265.38","1,277.63","1,175.13","","-6.60%"
"09/18/2011","1,258.13","1,357.38","1,357.38","1,250.13","","-7.31%"
"09/11/2011","1,357.38","1,431.75","1,432.25","1,350.38","","-4.79%"
"09/04/2011","1,425.63","1,444.88","1,444.88","1,408.38","","0.67%"
"08/21/2011","1,416.13","1,366.75","1,416.38","1,362.13","","4.26%"
"08/14/2011","1,358.25","1,333.00","1,365.50","1,331.75","","2.37%"
"08/07/2011","1,326.75","1,312.50","1,344.50","1,276.75","","0.08%"
"07/31/2011","1,325.63","1,350.13","1,375.00","1,313.63","","-1.53%"
"07/24/2011","1,346.25","1,372.13","1,386.38","1,343.63","","-2.30%"
"07/17/2011","1,377.88","1,385.88","1,407.88","1,369.75","","-0.63%"
"07/10/2011","1,386.63","1,350.75","1,396.75","1,334.88","","3.02%"
"07/03/2011","1,346.00","1,314.75","1,350.25","1,310.50","","2.10%"
"06/19/2011","1,318.38","1,334.88","1,354.50","1,293.38","","-1.00%"
"06/12/2011","1,331.75","1,385.50","1,390.38","1,330.63","","-3.71%"
"06/05/2011","1,383.13","1,415.50","1,418.13","1,377.63","","-2.17%"
"05/29/2011","1,413.88","1,370.63","1,419.38","1,366.63","","2.54%"
"05/15/2011","1,378.88","1,329.50","1,395.88","1,312.38","","3.59%"
"05/08/2011","1,331.13","1,326.88","1,357.75","1,313.63","","-4.57%"
"04/24/2011","1,394.88","1,390.25","1,400.38","1,338.63","","0.34%"
"04/17/2011","1,390.13","1,343.13","1,391.88","1,332.13","","4.37%"
"04/10/2011","1,331.88","1,395.88","1,406.38","1,316.88","","-4.29%"
"04/03/2011","1,391.63","1,393.75","1,402.63","1,360.63","","-0.16%"
"03/27/2011","1,393.88","1,359.88","1,431.75","1,341.25","","2.60%"
"03/20/2011","1,358.50","1,370.00","1,376.63","1,338.38","","-0.29%"
"03/13/2011","1,362.50","1,335.88","1,384.50","1,269.00","","2.03%"
"03/06/2011","1,335.38","1,412.25","1,418.88","1,305.13","","-2.70%"
"02/27/2011","1,372.38","1,390.75","1,397.50","1,296.25","","-0.26%"
"02/20/2011","1,376.00","1,419.13","1,424.63","1,357.13","","-2.75%"
"02/13/2011","1,414.88","1,437.38","1,455.75","1,410.38","","-1.33%"
"02/06/2011","1,433.88","1,395.75","1,452.38","1,394.88","","2.43%"
"01/30/2011","1,399.88","1,412.63","1,426.38","1,364.38","","-0.80%"
"01/16/2011","1,411.13","1,423.00","1,431.63","1,384.00","","3.46%"
"01/09/2011","1,363.88","1,395.75","1,408.63","1,357.75","","-2.85%"
"01/02/2011","1,403.88","1,353.63","1,403.88","1,350.25","","3.11%"
"12/26/2010","1,361.50","1,324.50","1,365.63","1,307.63","","4.00%"
"12/19/2010","1,309.13","1,272.38","1,314.75","1,259.63","","2.87%"
"12/05/2010","1,272.63","1,303.63","1,306.63","1,266.63","","2.68%"
"11/28/2010","1,239.38","1,196.63","1,262.13","1,190.63","","3.18%"
"11/21/2010","1,201.13","1,266.75","1,307.13","1,175.38","","-5.36%"
"11/14/2010","1,269.13","1,284.50","1,348.00","1,268.88","","-1.07%"
"11/07/2010","1,282.88","1,240.38","1,289.75","1,222.38","","4.09%"
"10/24/2010","1,232.50","1,214.25","1,248.50","1,211.13","","1.79%"
"10/17/2010","1,210.88","1,193.00","1,235.13","1,176.75","","1.37%"
"10/10/2010","1,194.50","1,155.25","1,214.63","1,151.13","","5.20%"
"10/03/2010","1,135.50","1,054.63","1,135.50","1,042.13","","7.59%"
"09/26/2010","1,055.38","1,126.50","1,143.38","1,055.38","","-6.08%"
"09/19/2010","1,123.75","1,069.13","1,127.63","1,068.63","","5.04%"
"09/12/2010","1,069.88","1,032.63","1,071.63","1,022.88","","3.58%"
"09/05/2010","1,032.88","1,035.75","1,056.63","1,028.88","","-0.24%"
"08/29/2010","1,035.38","1,027.38","1,040.88","1,000.88","","0.80%"
"08/22/2010","1,027.13","1,003.50","1,029.38","993.63","","2.27%"
"08/15/2010","1,004.38","1,043.63","1,050.13","1,000.50","","-3.78%"
"08/08/2010","1,043.88","1,039.75","1,049.13","1,012.13","","2.96%"
"07/25/2010","1,013.88","993.25","1,013.88","970.38","","2.09%"
"07/18/2010","993.13","999.00","1,002.63","977.13","","-0.55%"
"07/11/2010","998.63","994.75","1,022.25","986.38","","0.28%"
"07/04/2010","995.88","945.63","997.63","938.63","","5.36%"
"06/27/2010","945.25","941.00","950.00","926.50","","-0.54%"
"06/20/2010","950.38","945.13","963.88","945.13","","0.53%"
"06/06/2010","945.38","933.38","951.88","926.38","","1.12%"
"05/30/2010","934.88","942.63","958.38","930.63","","-0.64%"
"05/16/2010","940.88","954.38","954.88","931.13","","-1.23%"
"05/09/2010","952.63","965.38","975.63","951.38","","-0.88%"
"05/02/2010","961.13","994.13","999.88","948.63","","-4.72%"
"04/18/2010","1,008.75","991.75","1,017.00","982.13","","2.83%"
"04/11/2010","981.00","953.13","989.63","952.88","","4.18%"
"04/04/2010","941.63","953.63","977.38","930.88","","-1.36%"
"03/28/2010","954.63","961.25","976.38","941.88","","-0.69%"
"03/21/2010","961.25","924.88","962.38","922.13","","3.96%"
"03/14/2010","924.63","943.88","964.13","923.13","","-1.91%"
"03/07/2010","942.63","966.63","971.38","937.63","","-2.08%"
"02/28/2010","962.63","954.50","984.88","942.63","","1.82%"
"02/21/2010","945.38","958.38","965.88","937.13","","-0.05%"
"02/14/2010","945.88","927.00","946.88","919.75","","3.19%"
"02/07/2010","916.63","915.50","929.88","900.25","","0.15%"
"01/24/2010","915.25","950.25","953.13","913.88","","-6.02%"
"01/17/2010","973.88","1,019.13","1,024.63","969.38","","-4.46%"
"01/10/2010","1,019.38","1,048.63","1,074.63","1,013.38","","-2.79%"
"01/03/2010","1,048.63","1,048.63","1,048.63","1,048.63","","-0.06%"
"12/27/2009","1,049.25","1,009.00","1,061.38","1,009.00","","2.94%"
"12/13/2009","1,019.25","1,034.25","1,069.63","1,016.50","","-1.44%"
"12/06/2009","1,034.13","1,045.25","1,060.88","1,019.63","","-1.06%"
"11/29/2009","1,045.25","1,053.50","1,077.88","1,031.13","","-0.76%"
"11/22/2009","1,053.25","1,045.13","1,066.13","1,033.38","","0.80%"
"11/15/2009","1,044.88","985.13","1,048.88","985.13","","6.07%"
"11/08/2009","985.13","956.75","1,008.88","952.75","","0.92%"
"10/25/2009","976.13","1,010.63","1,015.38","962.25","","-3.37%"
"10/18/2009","1,010.13","978.38","1,029.13","978.38","","3.21%"
"10/11/2009","978.75","999.50","1,008.63","972.88","","6.62%"
"09/27/2009","918.00","928.75","937.25","906.50","272.31K","-0.86%"
"09/20/2009","926.00","938.50","939.75","902.00","330.23K","-1.59%"
"09/13/2009","941.00","990.50","990.50","901.50","363.87K","-4.42%"
"09/06/2009","984.50","954.25","990.00","951.00","1.46K","2.45%"
"08/30/2009","961.00","1,139.50","1,147.00","958.00","5.77K","-15.39%"
"08/23/2009","1,135.75","1,036.25","1,164.75","1,036.25","47.79K","11.02%"
"08/16/2009","1,023.00","1,019.00","1,035.75","976.75","53.09K","-7.00%"
"08/09/2009","1,100.00","1,167.75","1,241.25","1,106.00","8.31K","-7.13%"
"08/02/2009","1,184.50","1,140.50","1,192.00","1,140.50","12.32K","4.45%"
"07/26/2009","1,134.00","1,019.25","1,140.00","1,011.25","92.74K","11.07%"
"07/19/2009","1,021.00","1,013.25","1,040.00","1,005.25","87.00K","1.14%"
"07/12/2009","1,009.50","1,111.50","1,140.00","970.25","87.75K","-10.53%"
"07/05/2009","1,128.25","1,239.00","1,239.00","1,063.00","11.56K","-9.23%"
"06/28/2009","1,243.00","1,200.00","1,265.50","1,190.00","82.10K","3.50%"
"06/21/2009","1,201.00","1,184.00","1,209.75","1,150.50","247.88K","1.87%"
"06/14/2009","1,179.00","1,244.00","1,254.50","1,175.50","345.89K","-5.34%"
"06/07/2009","1,245.50","1,227.00","1,291.25","1,216.00","475.36K","1.63%"
"05/31/2009","1,225.50","1,186.00","1,236.50","1,177.00","430.03K","3.51%"
"05/24/2009","1,184.00","1,155.25","1,200.75","1,151.00","327.05K","1.54%"
"05/17/2009","1,166.00","1,125.00","1,189.50","1,113.50","402.05K","3.14%"
"05/10/2009","1,130.50","1,120.00","1,166.00","1,113.00","83.85K","-0.31%"
"05/03/2009","1,134.00","1,098.50","1,145.00","1,096.25","11.89K","2.90%"
"04/26/2009","1,102.00","1,034.00","1,103.50","984.50","134.79K","5.94%"
"04/19/2009","1,040.25","1,047.25","1,064.00","1,012.75","255.21K","-1.02%"
"04/12/2009","1,051.00","1,007.00","1,073.00","998.25","478.47K","4.37%"
"04/05/2009","1,007.00","995.25","1,030.75","981.50","381.05K","1.16%"
"03/29/2009","995.50","917.50","997.50","897.00","401.97K","8.56%"
"03/22/2009","917.00","952.25","981.25","916.00","378.89K","-3.68%"
"03/15/2009","952.00","869.25","953.00","864.75","383.81K","7.88%"
"03/08/2009","882.50","892.25","905.00","870.25","2.58K","0.40%"
"03/01/2009","879.00","869.50","888.50","843.00","18.74K","0.51%"
"02/22/2009","874.50","864.50","894.50","851.00","204.54K","1.39%"
"02/15/2009","862.50","955.00","960.00","854.00","350.29K","-9.73%"
"02/08/2009","955.50","997.00","1,019.00","955.00","403.01K","-4.55%"
"02/01/2009","1,001.00","972.50","1,007.75","934.50","439.70K","2.14%"
"01/25/2009","980.00","1,015.00","1,041.50","965.00","373.17K","-2.87%"
"01/18/2009","1,009.00","1,018.25","1,037.00","977.50","394.01K","-1.08%"
"01/11/2009","1,020.00","1,040.00","1,046.50","951.25","221.59K","-1.69%"
"01/04/2009","1,037.50","970.00","1,040.25","960.00","38.37K","6.96%"
"12/28/2008","970.00","954.00","985.75","930.25","108.23K","1.92%"
"12/21/2008","951.75","872.50","963.00","862.25","131.40K","9.62%"
"12/14/2008","868.25","856.00","877.25","840.00","320.18K","1.67%"
"12/07/2008","854.00","789.25","865.75","788.50","442.75K","9.00%"
"11/30/2008","783.50","879.25","882.75","776.25","411.73K","-11.27%"
"11/23/2008","883.00","852.00","899.75","841.50","218.45K","5.12%"
"11/16/2008","840.00","890.00","921.25","835.25","369.44K","-4.33%"
"11/09/2008","878.00","944.75","946.25","865.00","15.64K","-3.70%"
"11/02/2008","911.75","922.75","972.00","874.25","68.15K","-1.46%"
"10/26/2008","925.25","879.50","964.00","851.25","367.87K","7.12%"
"10/19/2008","863.75","890.75","972.00","844.25","489.82K","-3.38%"
"10/12/2008","894.00","902.75","958.00","825.00","526.41K","-1.76%"
"10/05/2008","910.00","971.00","990.00","910.00","473.98K","-8.27%"
"09/28/2008","992.00","1,159.50","1,160.50","991.00","489.73K","-14.78%"
"09/21/2008","1,164.00","1,144.25","1,212.25","1,134.00","419.16K","1.79%"
"09/14/2008","1,143.50","1,208.00","1,210.00","1,099.50","535.15K","-23.26%"
"09/07/2008","1,490.00","1,194.50","1,490.00","1,163.75","4.25K","26.27%"
"08/31/2008","1,180.00","1,306.00","1,315.50","1,173.00","7.96K","-11.41%"
"08/24/2008","1,332.00","1,341.50","1,364.50","1,302.00","55.15K","0.83%"
"08/17/2008","1,321.00","1,220.00","1,363.75","1,205.00","50.28K","9.04%"
"08/10/2008","1,211.50","1,200.00","1,291.00","1,194.00","9.10K","1.04%"
"08/03/2008","1,199.00","1,348.00","1,350.75","1,186.25","14.63K","-11.69%"
"07/27/2008","1,357.75","1,404.00","1,429.75","1,354.25","112.36K","-2.93%"
"07/20/2008","1,398.75","1,455.75","1,469.25","1,368.50","159.96K","-4.85%"
"07/13/2008","1,470.00","1,603.75","1,604.00","1,470.00","146.91K","-9.84%"
"07/06/2008","1,630.50","1,641.75","1,645.25","1,518.50","19.47K","-1.66%"
"06/29/2008","1,658.00","1,581.75","1,663.00","1,561.50","47.06K","4.84%"
"06/22/2008","1,581.50","1,522.00","1,593.00","1,489.75","271.08K","3.20%"
"06/15/2008","1,532.50","1,569.75","1,593.00","1,515.00","380.72K","-1.76%"
"06/08/2008","1,560.00","1,469.25","1,571.75","1,419.00","542.41K","7.03%"
"06/01/2008","1,457.50","1,357.00","1,488.00","1,346.50","483.84K","6.89%"
"05/25/2008","1,363.50","1,384.00","1,390.00","1,307.75","335.67K","-0.33%"
"05/18/2008","1,368.00","1,377.25","1,377.25","1,312.50","283.61K","-0.73%"
"05/11/2008","1,378.00","1,358.25","1,402.00","1,311.00","160.23K","2.11%"
"05/04/2008","1,349.50","1,284.50","1,353.25","1,264.50","16.95K","4.41%"
"04/27/2008","1,292.50","1,330.50","1,345.00","1,226.25","119.43K","-2.51%"
"04/20/2008","1,325.75","1,362.00","1,395.50","1,291.50","203.71K","-2.63%"
"04/13/2008","1,361.50","1,344.25","1,398.00","1,315.00","322.36K","2.18%"
"04/06/2008","1,332.50","1,275.75","1,380.50","1,245.00","499.00K","4.35%"
"03/30/2008","1,277.00","1,280.00","1,300.00","1,106.50","634.04K","0.77%"
"03/23/2008","1,267.25","1,210.75","1,357.00","1,210.75","667.94K","4.99%"
"03/16/2008","1,207.00","1,352.00","1,374.25","1,207.00","546.92K","-9.93%"
"03/09/2008","1,340.00","1,341.00","1,418.00","1,328.00","22.78K","-0.07%"
"03/02/2008","1,341.00","1,519.50","1,571.00","1,341.00","122.38K","-11.89%"
"02/24/2008","1,522.00","1,425.00","1,524.00","1,423.50","293.51K","7.18%"
"02/17/2008","1,420.00","1,375.00","1,422.25","1,375.00","290.02K","3.37%"
"02/10/2008","1,373.75","1,345.25","1,387.00","1,306.50","558.78K","2.60%"
"02/03/2008","1,339.00","1,289.50","1,374.50","1,288.50","694.04K","4.02%"
"01/27/2008","1,287.25","1,244.00","1,298.50","1,228.00","445.90K","3.56%"
"01/20/2008","1,243.00","1,240.00","1,255.50","1,189.50","441.17K","-1.66%"
"01/13/2008","1,264.00","1,286.00","1,320.00","1,244.00","162.85K","-1.71%"
"01/06/2008","1,286.00","1,244.25","1,296.00","1,232.75","27.71K","2.96%"
"12/30/2007","1,249.00","1,197.00","1,262.25","1,180.75","89.04K","3.42%"
"12/23/2007","1,207.75","1,175.00","1,230.00","1,165.00","142.46K","2.57%"
"12/16/2007","1,177.50","1,157.50","1,178.00","1,146.25","338.93K","1.77%"
"12/09/2007","1,157.00","1,117.50","1,164.50","1,115.00","497.90K","3.33%"
"12/02/2007","1,119.75","1,083.25","1,122.00","1,068.50","404.17K","3.68%"
"11/25/2007","1,080.00","1,100.50","1,114.00","1,075.50","392.79K","-1.84%"
"11/18/2007","1,100.25","1,079.00","1,103.25","1,053.00","241.69K","2.09%"
"11/11/2007","1,077.75","1,037.25","1,088.00","1,021.00","157.07K","3.33%"
"11/04/2007","1,043.00","996.00","1,043.00","993.25","34.87K","4.12%"
"10/28/2007","1,001.75","1,000.00","1,018.50","964.25","253.50K","0.63%"
"10/21/2007","995.50","979.00","1,007.00","961.00","317.91K","1.25%"
"10/14/2007","983.25","977.25","996.75","967.50","343.53K","0.67%"
"10/07/2007","976.75","937.00","993.25","922.00","528.50K","3.85%"
"09/30/2007","940.50","991.50","999.25","931.00","490.42K","-5.12%"
"09/23/2007","991.25","977.50","1,017.75","970.00","405.73K","1.25%"
"09/16/2007","979.00","963.00","996.75","952.75","413.10K","4.04%"
"09/09/2007","941.00","895.00","944.00","890.75","6.90K","5.61%"
"09/02/2007","891.00","875.25","901.00","872.50","30.23K","2.65%"
"08/26/2007","868.00","845.00","880.50","837.25","77.69K","2.24%"
"08/19/2007","849.00","806.00","852.00","804.00","36.50K","4.62%"
"08/12/2007","811.50","859.25","866.00","789.00","34.98K","-4.53%"
"08/05/2007","850.00","825.00","859.00","817.00","18.77K","1.31%"
"07/29/2007","839.00","818.00","843.00","815.50","108.53K","2.88%"
"07/22/2007","815.50","843.75","843.75","808.75","94.66K","-4.09%"
"07/15/2007","850.25","908.00","908.00","828.50","79.95K","-6.87%"
"07/08/2007","913.00","861.00","915.00","855.00","28.68K","5.58%"
"07/01/2007","864.75","854.25","871.25","849.00","55.12K","1.74%"
"06/24/2007","850.00","800.00","878.50","793.75","240.66K","6.65%"
"06/17/2007","797.00","857.25","863.00","791.75","299.96K","-5.93%"
"06/10/2007","847.25","838.00","848.75","815.00","384.28K","3.13%"
"06/03/2007","821.50","817.25","835.75","806.75","449.19K","0.49%"
"05/27/2007","817.50","809.00","819.50","791.75","311.97K","0.62%"
"05/20/2007","812.50","790.00","814.25","787.50","304.00K","2.52%"
"05/13/2007","792.50","754.00","797.00","752.75","277.52K","5.67%"
"05/06/2007","750.00","736.50","755.00","722.00","14.03K","2.25%"
"04/29/2007","733.50","722.75","744.25","717.50","79.26K","1.45%"
"04/22/2007","723.00","723.25","733.00","708.50","147.35K","-0.03%"
"04/15/2007","723.25","733.25","742.25","713.50","172.99K","-2.00%"
"04/08/2007","738.00","765.50","775.00","732.00","459.82K","-2.96%"
"04/01/2007","760.50","756.50","787.00","751.25","302.49K","-0.10%"
"03/25/2007","761.25","767.50","779.00","742.00","336.17K","-1.07%"
"03/18/2007","769.50","756.25","775.00","749.50","240.67K","2.12%"
"03/11/2007","753.50","747.50","759.00","735.00","115.39K","0.94%"
"03/04/2007","746.50","735.00","752.00","724.50","28.69K","1.01%"
"02/25/2007","739.00","778.50","790.00","735.75","150.65K","-5.04%"
"02/18/2007","778.25","766.75","791.00","762.50","161.82K","1.47%"
"02/11/2007","767.00","748.25","768.50","741.00","373.31K","2.37%"
"02/04/2007","749.25","737.50","757.00","733.75","423.93K","1.70%"
"01/28/2007","736.75","713.00","738.00","704.50","330.28K","3.69%"
"01/21/2007","710.50","713.50","728.75","707.25","286.69K","-1.01%"
"01/14/2007","717.75","716.00","732.00","705.50","334.21K","1.66%"
"01/07/2007","706.00","664.50","707.25","645.50","17.49K","5.69%"
"12/31/2006","668.00","681.50","685.00","657.75","37.68K","-2.27%"
"12/24/2006","683.50","663.00","685.00","663.00","109.85K","3.64%"
"12/17/2006","659.50","657.50","660.00","642.75","124.55K","0.30%"
"12/10/2006","657.50","656.00","670.00","652.25","298.56K","0.23%"
"12/03/2006","656.00","673.00","675.00","652.50","258.22K","-3.10%"
"11/26/2006","677.00","684.25","695.75","675.50","289.26K","-1.06%"
"11/19/2006","684.25","663.00","687.25","662.25","156.40K","3.60%"
"11/12/2006","660.50","653.75","677.75","644.00","157.25K","1.42%"
"11/05/2006","651.25","645.25","670.50","643.00","46.08K","0.35%"
"10/29/2006","649.00","633.50","669.00","628.25","149.84K","2.12%"
"10/22/2006","635.50","606.00","641.00","602.00","227.11K","4.78%"
"10/15/2006","606.50","589.00","614.00","585.50","359.97K","2.54%"
"10/08/2006","591.50","563.00","594.75","558.75","447.47K","4.88%"
"10/01/2006","564.00","547.25","570.00","540.50","373.43K","3.01%"
"09/24/2006","547.50","549.00","555.00","539.50","297.21K","-0.32%"
"09/17/2006","549.25","555.50","561.75","542.50","270.23K","-0.09%"
"09/10/2006","549.75","534.25","558.00","526.50","63.54K","2.37%"
"09/03/2006","537.00","538.00","549.50","531.25","21.95K","-0.28%"
"08/27/2006","538.50","541.50","544.00","535.50","68.58K","-0.83%"
"08/20/2006","543.00","547.00","555.50","541.75","55.16K","-0.73%"
"08/13/2006","547.00","551.00","560.25","546.00","29.44K","-0.73%"
"08/06/2006","551.00","573.75","573.75","549.00","13.14K","-4.59%"
"07/30/2006","577.50","578.25","587.00","573.00","68.07K","0.17%"
"07/23/2006","576.50","577.25","592.75","571.00","101.78K","-0.09%"
"07/16/2006","577.00","598.75","601.00","575.50","83.38K","-4.15%"
"07/09/2006","602.00","610.00","612.50","592.25","18.11K","0.00%"
"07/02/2006","602.00","602.50","612.00","592.00","60.38K","1.22%"
"06/25/2006","594.75","581.00","600.50","566.50","175.92K","2.45%"
"06/18/2006","580.50","595.25","595.50","579.75","150.37K","-3.29%"
"06/11/2006","600.25","596.75","605.00","589.00","258.74K","2.48%"
"06/04/2006","585.75","603.50","611.00","583.50","334.30K","-3.82%"
"05/28/2006","609.00","582.00","610.00","574.75","270.89K","4.55%"
"05/21/2006","582.50","590.50","591.00","580.00","231.22K","-0.77%"
"05/14/2006","587.00","615.00","617.00","585.50","246.07K","-2.17%"
"05/07/2006","600.00","593.00","607.00","584.50","11.94K","0.93%"
"04/30/2006","594.50","585.00","601.50","585.00","48.88K","1.23%"
"04/23/2006","587.25","570.00","598.00","569.00","170.53K","3.07%"
"04/16/2006","569.75","562.00","577.50","561.75","155.00K","1.20%"
"04/09/2006","563.00","557.00","565.50","553.25","207.07K","0.94%"
"04/02/2006","557.75","570.50","574.50","556.50","252.95K","-2.41%"
"03/26/2006","571.50","573.75","589.00","570.75","260.21K","-0.39%"
"03/19/2006","573.75","576.50","582.00","571.25","168.18K","-0.48%"
"03/12/2006","576.50","574.00","592.75","570.25","133.68K","-0.30%"
"03/05/2006","578.25","587.00","592.50","570.00","19.70K","-2.53%"
"02/26/2006","593.25","575.25","594.00","568.00","80.18K","2.77%"
"02/19/2006","577.25","600.00","601.00","570.50","113.11K","-3.99%"
"02/12/2006","601.25","584.00","603.00","571.00","201.53K","3.26%"
"02/05/2006","582.25","594.25","604.50","571.00","313.86K","-2.10%"
"01/29/2006","594.75","593.50","606.25","577.50","290.27K","0.93%"
"01/22/2006","589.25","573.25","590.50","565.50","249.78K","3.74%"
"01/15/2006","568.00","572.25","579.25","563.50","163.83K","0.53%"
"01/08/2006","565.00","598.25","598.25","561.00","13.79K","-5.91%"
"01/01/2006","600.50","608.00","622.00","599.50","31.00K","-0.25%"
"12/25/2005","602.00","613.75","619.50","593.00","82.60K","-1.79%"
"12/18/2005","613.00","593.00","616.75","592.25","132.05K","3.50%"
"12/11/2005","592.25","571.00","602.00","570.00","320.53K","4.13%"
"12/04/2005","568.75","563.00","575.50","553.50","265.49K","1.07%"
"11/27/2005","562.75","555.00","564.50","544.25","226.39K","1.53%"
"11/20/2005","554.25","572.00","576.00","552.25","135.56K","-2.72%"
"11/13/2005","569.75","602.75","602.75","569.00","185.82K","-3.92%"
"11/06/2005","593.00","585.25","594.00","568.50","15.70K","2.15%"
"10/30/2005","580.50","565.00","594.00","562.50","54.68K","2.74%"
"10/23/2005","565.00","571.00","582.00","563.25","177.24K","-1.27%"
"10/16/2005","572.25","588.00","599.50","571.00","239.37K","-2.93%"
"10/09/2005","589.50","563.50","595.50","554.00","308.74K","4.47%"
"10/02/2005","564.25","572.75","586.00","558.00","256.47K","-1.57%"
"09/25/2005","573.25","573.00","575.25","556.50","215.62K","-0.13%"
"09/18/2005","574.00","570.00","586.00","568.25","179.33K","0.48%"
"09/11/2005","571.25","580.00","580.00","566.25","76.60K","-1.59%"
"09/04/2005","580.50","592.00","607.50","580.00","3.71K","-1.36%"
"08/28/2005","588.50","590.00","610.00","584.00","44.70K","-0.42%"
"08/21/2005","591.00","597.25","615.75","584.00","38.57K","-1.05%"
"08/14/2005","597.25","636.00","639.00","595.00","44.35K","-7.12%"
"08/07/2005","643.00","669.00","672.00","634.00","4.49K","-2.35%"
"07/31/2005","658.50","678.00","694.00","640.00","34.17K","-1.97%"
"07/24/2005","671.75","668.75","696.00","659.75","93.83K","0.37%"
"07/17/2005","669.25","731.00","738.00","660.50","84.33K","-7.18%"
"07/10/2005","721.00","664.00","738.00","655.75","24.31K","6.74%"
"07/03/2005","675.50","675.50","723.00","666.00","41.52K","0.30%"
"06/26/2005","673.50","750.00","755.00","647.00","138.06K","-9.54%"
"06/19/2005","744.50","742.00","757.50","724.50","168.34K","2.83%"
"06/12/2005","724.00","674.25","727.50","670.50","257.10K","8.67%"
"06/05/2005","666.25","687.50","695.50","657.50","266.75K","-1.33%"
"05/29/2005","675.25","681.75","690.00","664.50","228.69K","1.12%"
"05/22/2005","667.75","636.00","687.00","636.00","286.61K","5.66%"
"05/15/2005","632.00","612.75","640.50","612.00","204.71K","4.68%"
"05/08/2005","603.75","634.00","642.50","602.00","8.52K","-4.92%"
"05/01/2005","635.00","615.00","636.00","608.50","23.51K","2.54%"
"04/24/2005","619.25","637.00","649.50","616.00","100.10K","-2.17%"
"04/17/2005","633.00","615.25","640.00","609.00","111.35K","2.72%"
"04/10/2005","616.25","612.00","626.50","602.00","158.36K","0.69%"
"04/03/2005","612.00","615.00","630.00","608.00","185.80K","-0.33%"
"03/27/2005","614.00","628.00","661.00","610.00","221.44K","-2.35%"
"03/20/2005","628.75","647.00","652.50","614.00","198.77K","-3.12%"
"03/13/2005","649.00","657.00","691.75","646.00","254.23K","-1.18%"
"03/06/2005","656.75","626.00","660.00","601.50","9.41K","5.46%"
"02/27/2005","622.75","598.50","628.00","598.50","32.76K","4.23%"
"02/20/2005","597.50","556.00","599.00","556.00","92.31K","8.14%"
"02/13/2005","552.50","526.00","561.00","526.00","219.53K","5.09%"
"02/06/2005","525.75","499.00","528.50","498.50","253.39K","5.26%"
"01/30/2005","499.50","510.00","518.50","498.50","188.01K","-2.82%"
"01/23/2005","514.00","518.50","529.50","512.50","172.74K","-0.53%"
"01/16/2005","516.75","518.00","524.50","512.50","191.52K","-4.66%"
"01/09/2005","542.00","550.25","563.00","539.00","13.01K","-1.77%"
"01/02/2005","551.75","546.00","554.00","528.00","35.26K","0.73%"
"12/26/2004","547.75","551.00","560.00","539.50","53.90K","-0.50%"
"12/19/2004","550.50","549.75","566.00","544.00","71.30K","0.32%"
"12/12/2004","548.75","534.00","552.00","534.00","165.60K","2.95%"
"12/05/2004","533.00","525.75","539.00","517.50","219.81K","1.38%"
"11/28/2004","525.75","548.00","548.50","519.75","211.36K","-4.15%"
"11/21/2004","548.50","550.50","562.00","546.50","126.07K","-0.36%"
"11/14/2004","550.50","524.00","557.00","523.75","240.07K","5.16%"
"11/07/2004","523.50","504.50","536.00","501.00","10.22K","3.66%"
"10/31/2004","505.00","525.00","538.00","504.25","44.90K","-4.27%"
"10/24/2004","527.50","530.00","545.00","523.75","162.75K","-0.47%"
"10/17/2004","530.00","512.75","537.25","507.75","220.23K","3.11%"
"10/10/2004","514.00","527.00","540.50","506.00","235.13K","-2.74%"
"10/03/2004","528.50","532.50","534.00","519.00","205.60K","-1.12%"
"09/26/2004","534.50","522.50","539.50","521.50","186.10K","2.10%"
"09/19/2004","523.50","552.25","552.25","523.00","170.00K","-5.33%"
"09/12/2004","553.00","561.00","575.00","552.25","96.97K","-1.78%"
"09/05/2004","563.00","607.75","607.75","560.00","3.06K","-8.42%"
"08/29/2004","614.75","602.00","648.50","602.00","14.68K","2.37%"
"08/22/2004","600.50","590.50","637.50","588.00","31.00K","0.97%"
"08/15/2004","594.75","581.25","603.00","565.00","20.42K","-8.78%"
"08/08/2004","652.00","613.00","712.00","605.50","6.68K","7.46%"
"08/01/2004","606.75","591.00","619.00","583.00","17.10K","1.21%"
"07/25/2004","599.50","662.50","686.00","599.00","65.02K","-10.46%"
"07/18/2004","669.50","705.25","734.00","650.00","86.12K","-5.37%"
"07/11/2004","707.50","954.75","955.00","705.00","58.39K","-25.84%"
"07/04/2004","954.00","942.75","1,035.00","935.75","24.56K","1.54%"
"06/27/2004","939.50","911.00","948.00","864.00","75.31K","2.06%"
"06/20/2004","920.50","871.75","940.00","865.00","117.32K","5.56%"
"06/13/2004","872.00","853.00","896.00","844.00","192.92K","2.95%"
"06/06/2004","847.00","826.75","866.00","0.00","129.69K","1.01%"
"05/30/2004","838.50","828.00","876.00","800.75","157.92K","3.01%"
"05/23/2004","814.00","882.50","896.00","812.00","211.37K","-6.70%"
"05/16/2004","872.50","924.50","925.00","852.00","293.49K","-9.96%"
"05/09/2004","969.00","1,049.50","1,063.00","960.00","14.20K","-7.76%"
"05/02/2004","1,050.50","1,036.00","1,052.00","1,011.00","23.48K","1.60%"
"04/25/2004","1,034.00","968.75","1,043.00","956.00","74.78K","6.93%"
"04/18/2004","967.00","970.25","977.00","926.00","101.83K","0.21%"
"04/11/2004","965.00","990.00","1,030.00","950.50","150.26K","-2.33%"
"04/04/2004","988.00","1,047.00","1,064.00","986.00","201.18K","-5.50%"
"03/28/2004","1,045.50","1,013.00","1,046.00","981.00","217.34K","3.21%"
"03/21/2004","1,013.00","1,036.00","1,063.75","1,010.00","232.39K","-1.07%"
"03/14/2004","1,024.00","953.00","1,034.00","953.00","234.39K","7.34%"
"03/07/2004","954.00","934.00","964.00","903.00","3.91K","2.17%"
"02/29/2004","933.75","943.75","979.50","922.00","22.58K","-0.93%"
"02/22/2004","942.50","901.00","951.50","901.00","84.35K","5.54%"
"02/15/2004","893.00","832.00","898.00","832.00","89.77K","7.72%"
"02/08/2004","829.00","830.00","860.50","810.00","216.41K","-1.31%"
"02/01/2004","840.00","813.00","844.50","790.50","220.75K","2.50%"
"01/25/2004","819.50","839.00","853.50","801.00","225.24K","-2.35%"
"01/18/2004","839.25","834.00","855.00","821.00","192.44K","0.42%"
"01/11/2004","835.75","788.00","844.75","785.00","90.13K","5.79%"
"01/04/2004","790.00","790.00","802.00","782.50","14.82K","-0.32%"
"12/28/2003","792.50","789.00","800.50","771.00","46.55K","0.06%"
"12/21/2003","792.00","760.00","793.00","728.00","65.24K","3.56%"
"12/14/2003","764.75","775.00","779.50","754.00","94.34K","-1.48%"
"12/07/2003","776.25","762.50","789.00","761.50","198.55K","2.07%"
"11/30/2003","760.50","759.00","784.00","751.50","210.19K","0.56%"
"11/23/2003","756.25","749.00","758.00","730.75","142.66K","0.36%"
"11/16/2003","753.50","782.50","785.00","739.50","257.72K","-2.52%"
"11/09/2003","773.00","738.50","791.00","731.00","11.73K","4.04%"
"11/02/2003","743.00","795.00","803.50","742.00","53.24K","-6.45%"
"10/26/2003","794.25","765.25","803.50","756.00","154.12K","4.16%"
"10/19/2003","762.50","729.75","768.75","722.00","241.23K","4.56%"
"10/12/2003","729.25","714.00","745.00","713.50","316.51K","2.21%"
"10/05/2003","713.50","676.00","736.00","669.00","269.95K","5.24%"
"09/28/2003","678.00","657.00","701.00","657.00","277.38K","3.27%"
"09/21/2003","656.50","638.00","662.00","638.00","254.81K","2.90%"
"09/14/2003","638.00","620.50","638.75","609.00","188.32K","-1.54%"
"09/07/2003","648.00","608.00","649.00","603.25","2.86K","6.58%"
"08/31/2003","608.00","582.00","617.50","575.50","8.37K","2.18%"
"08/24/2003","595.00","586.50","597.75","576.50","21.49K","1.49%"
"08/17/2003","586.25","562.50","591.00","562.50","39.96K","6.16%"
"08/10/2003","552.25","549.00","583.00","548.00","6.46K","0.68%"
"08/03/2003","548.50","539.25","549.00","535.00","13.52K","2.05%"
"07/27/2003","537.50","550.00","557.00","532.00","55.15K","-2.18%"
"07/20/2003","549.50","560.00","567.00","544.00","79.42K","-1.96%"
"07/13/2003","560.50","620.00","624.00","559.00","84.15K","-9.71%"
"07/06/2003","620.75","625.50","629.00","609.00","21.17K","-0.96%"
"06/29/2003","626.75","631.00","633.50","615.00","36.56K","-0.75%"
"06/22/2003","631.50","628.50","645.00","624.00","127.10K","0.36%"
"06/15/2003","629.25","613.00","636.00","611.50","138.66K","2.40%"
"06/08/2003","614.50","631.00","639.00","613.00","206.37K","-2.69%"
"06/01/2003","631.50","620.50","632.50","610.00","218.23K","1.12%"
"05/25/2003","624.50","628.00","636.50","618.50","156.32K","-0.60%"
"05/18/2003","628.25","639.00","658.00","622.50","222.65K","-2.14%"
"05/11/2003","642.00","638.00","652.75","633.00","91.53K","0.90%"
"05/04/2003","636.25","624.75","638.00","613.50","14.14K","1.60%"
"04/27/2003","626.25","601.00","631.50","600.00","73.24K","4.55%"
"04/20/2003","599.00","621.25","621.75","595.25","126.09K","-3.70%"
"04/13/2003","622.00","599.50","623.00","595.50","137.89K","3.62%"
"04/06/2003","600.25","590.25","608.00","590.00","185.51K","1.61%"
"03/30/2003","590.75","579.75","591.75","570.00","186.83K","1.85%"
"03/23/2003","580.00","575.75","581.50","564.25","153.28K","0.56%"
"03/16/2003","576.75","572.75","579.50","566.00","122.90K","-0.17%"
"03/09/2003","577.75","566.25","578.25","561.25","6.68K","2.35%"
"03/02/2003","564.50","576.75","581.00","559.75","21.68K","-2.17%"
"02/23/2003","577.00","572.50","584.50","569.00","89.26K","0.52%"
"02/16/2003","574.00","571.25","575.00","565.25","74.54K","0.17%"
"02/09/2003","573.00","556.00","574.00","556.00","193.70K","3.10%"
"02/02/2003","555.75","562.00","571.50","554.25","159.41K","-1.46%"
"01/26/2003","564.00","569.50","575.50","559.50","167.20K","-0.88%"
"01/19/2003","569.00","555.50","570.00","552.50","127.74K","2.34%"
"01/12/2003","556.00","565.50","565.50","544.75","109.33K","-1.55%"
"01/05/2003","564.75","581.25","592.50","564.50","23.17K","-3.01%"
"12/29/2002","582.25","568.50","586.00","563.50","44.92K","2.19%"
"12/22/2002","569.75","572.00","577.75","564.75","57.33K","-0.39%"
"12/15/2002","572.00","571.50","573.00","552.25","167.99K","0.00%"
"12/08/2002","572.00","560.00","577.00","557.50","147.29K","1.55%"
"12/01/2002","563.25","579.50","587.50","556.50","214.02K","-2.68%"
"11/24/2002","578.75","571.75","581.50","567.50","102.63K","1.22%"
"11/17/2002","571.75","563.00","577.50","560.25","175.87K","1.51%"
"11/10/2002","563.25","563.25","581.00","561.00","42.29K","0.00%"
"11/03/2002","563.25","566.00","585.00","562.50","31.56K","-0.92%"
"10/27/2002","568.50","553.50","569.00","545.00","151.30K","2.06%"
"10/20/2002","557.00","546.00","559.50","545.25","177.78K","2.01%"
"10/13/2002","546.00","528.00","554.00","526.00","195.10K","3.31%"
"10/06/2002","528.50","539.25","543.75","522.00","182.35K","-2.04%"
"09/29/2002","539.50","558.50","560.00","532.25","215.41K","-3.70%"
"09/22/2002","560.25","564.00","568.00","552.50","157.58K","-0.75%"
"09/15/2002","564.50","563.00","577.00","557.00","165.58K","0.18%"
"09/08/2002","563.50","565.75","594.00","563.00","9.36K","-0.27%"
"09/01/2002","565.00","566.75","568.50","556.00","11.75K","1.07%"
"08/25/2002","559.00","553.50","567.25","550.00","31.23K","1.27%"
"08/18/2002","552.00","578.00","583.00","540.00","55.24K","-5.36%"
"08/11/2002","583.25","620.00","625.00","581.50","20.63K","2.68%"
"08/04/2002","568.00","554.50","574.50","540.00","10.66K","1.20%"
"07/28/2002","561.25","544.00","587.00","532.00","54.04K","1.91%"
"07/21/2002","550.75","585.00","605.00","550.00","87.39K","-4.26%"
"07/14/2002","575.25","560.00","584.75","560.00","89.36K","-0.48%"
"07/07/2002","578.00","566.00","600.00","566.00","13.58K","1.45%"
"06/30/2002","569.75","537.00","571.00","537.00","31.67K","6.20%"
"06/23/2002","536.50","499.75","543.00","499.75","144.90K","8.38%"
"06/16/2002","495.00","495.75","502.00","487.00","164.44K","-0.40%"
"06/09/2002","497.00","505.50","506.00","492.50","164.96K","-2.07%"
"06/02/2002","507.50","506.75","519.50","503.00","168.93K","-0.25%"
"05/26/2002","508.75","489.00","510.75","488.00","147.96K","3.62%"
"05/19/2002","491.00","485.00","496.50","482.75","167.47K","0.72%"
"05/12/2002","487.50","475.00","488.00","470.50","114.08K","4.11%"
"05/05/2002","468.25","455.50","475.50","455.50","6.83K","2.02%"
"04/28/2002","459.00","467.00","467.75","453.50","45.52K","-1.82%"
"04/21/2002","467.50","472.00","480.75","467.25","92.54K","-0.95%"
"04/14/2002","472.00","461.75","478.00","455.25","87.64K","2.39%"
"04/07/2002","461.00","463.50","465.00","453.00","127.66K","-0.97%"
"03/31/2002","465.50","475.00","477.00","456.75","151.66K","-2.26%"
"03/24/2002","476.25","464.00","480.50","461.00","121.93K","2.53%"
"03/17/2002","464.50","471.00","472.00","455.75","165.19K","-1.64%"
"03/10/2002","472.25","456.50","474.25","452.25","52.06K","3.11%"
"03/03/2002","458.00","444.00","459.75","440.25","23.47K","2.58%"
"02/24/2002","446.50","443.00","447.00","434.50","84.43K","1.19%"
"02/17/2002","441.25","437.75","447.00","435.00","94.65K","0.91%"
"02/10/2002","437.25","429.50","441.50","427.50","125.53K","1.92%"
"02/03/2002","429.00","428.00","435.50","425.25","128.76K","0.53%"
"01/27/2002","426.75","428.50","432.00","425.00","143.14K","-0.93%"
"01/20/2002","430.75","447.00","449.00","429.50","131.25K","-3.31%"
"01/13/2002","445.50","446.50","454.50","444.00","138.99K","0.11%"
"01/06/2002","445.00","424.00","445.50","424.00","11.58K","4.95%"
"12/30/2001","424.00","423.75","426.00","415.50","22.55K","-0.06%"
"12/23/2001","424.25","0.00","436.50","0.00","71.40K","-2.58%"
"12/16/2001","435.50","436.50","439.50","431.00","151.77K","-0.17%"
"12/09/2001","436.25","445.00","445.75","431.50","136.13K","-2.02%"
"12/02/2001","445.25","444.00","448.75","439.00","122.24K","0.17%"
"11/25/2001","444.50","451.25","452.00","434.25","190.09K","-1.50%"
"11/18/2001","451.25","452.00","454.60","447.00","91.86K","-0.28%"
"11/11/2001","452.50","441.50","453.00","440.00","58.49K","2.43%"
"11/04/2001","441.75","432.50","444.00","431.50","21.97K","1.90%"
"10/28/2001","433.50","425.00","436.25","425.00","121.06K","1.64%"
"10/21/2001","426.50","421.50","430.00","419.75","172.53K","0.41%"
"10/14/2001","424.75","435.25","437.00","424.00","170.98K","-2.47%"
"10/07/2001","435.50","452.00","458.00","433.00","170.18K","-3.70%"
"09/30/2001","452.25","451.00","456.25","448.25","154.58K","0.22%"
"09/23/2001","451.25","469.75","475.00","450.50","128.85K","-3.94%"
"09/16/2001","469.75","473.00","483.50","463.75","145.73K","-0.37%"
"09/09/2001","471.50","465.40","476.50","461.00","4.30K","1.67%"
"09/02/2001","463.75","476.50","480.00","463.50","10.20K","-3.28%"
"08/26/2001","479.50","478.00","486.50","471.00","35.18K","0.26%"
"08/19/2001","478.25","498.75","498.75","473.00","31.77K","-5.16%"
"08/12/2001","504.25","518.50","525.00","498.00","18.91K","-2.84%"
"08/05/2001","519.00","494.00","524.50","490.50","8.14K","5.49%"
"07/29/2001","492.00","515.00","517.75","486.00","45.32K","-4.56%"
"07/22/2001","515.50","490.25","520.00","490.00","71.50K","3.93%"
"07/15/2001","496.00","521.50","538.00","494.00","73.73K","-4.98%"
"07/08/2001","522.00","493.50","528.00","492.00","11.33K","5.45%"
"07/01/2001","495.00","479.00","500.25","479.00","25.48K","2.59%"
"06/24/2001","482.50","454.25","488.00","450.00","95.41K","6.16%"
"06/17/2001","454.50","458.50","472.50","454.00","135.00K","-0.87%"
"06/10/2001","458.50","465.00","475.75","457.00","150.30K","-1.71%"
"06/03/2001","466.50","454.00","468.50","448.75","139.45K","2.53%"
"05/27/2001","455.00","448.00","460.50","436.00","136.76K","1.73%"
"05/20/2001","447.25","448.00","453.50","442.25","119.62K","-0.50%"
"05/13/2001","449.50","444.75","464.00","441.00","122.28K","-0.11%"
"05/06/2001","450.00","445.50","453.50","439.25","6.62K","1.24%"
"04/29/2001","444.50","423.50","447.00","421.50","25.96K","5.14%"
"04/22/2001","422.75","428.75","430.00","421.50","96.26K","-1.51%"
"04/15/2001","429.25","434.00","440.00","426.50","69.26K","-1.38%"
"04/08/2001","435.25","435.50","444.00","431.25","51.96K","-0.17%"
"04/01/2001","436.00","432.75","439.50","428.00","71.09K","1.75%"
"03/25/2001","428.50","438.00","445.50","428.00","102.04K","-1.83%"
"03/18/2001","436.50","443.00","449.50","433.50","113.70K","-1.47%"
"03/11/2001","443.00","455.00","460.75","438.00","52.75K","-3.01%"
"03/04/2001","456.75","458.00","463.50","454.00","8.20K","0.22%"
"02/25/2001","455.75","447.25","462.00","447.00","60.37K","1.73%"
"02/18/2001","448.00","456.25","463.00","447.00","80.34K","-1.32%"
"02/11/2001","454.00","455.00","458.75","449.50","118.99K","-0.49%"
"02/04/2001","456.25","467.75","469.50","452.00","106.07K","-2.61%"
"01/28/2001","468.50","460.00","469.00","456.25","117.41K","1.79%"
"01/21/2001","460.25","470.25","477.75","459.00","144.87K","-2.23%"
"01/14/2001","470.75","482.00","483.50","470.25","113.16K","-1.77%"
"01/07/2001","479.25","488.00","495.75","476.00","9.19K","-2.09%"
"12/31/2000","489.50","500.00","500.00","487.50","24.91K","-2.00%"
"12/24/2000","499.50","508.25","510.75","496.00","76.53K","-2.11%"
"12/17/2000","510.25","508.50","514.00","505.50","89.31K","0.59%"
"12/10/2000","507.25","510.00","513.75","503.50","122.13K","-0.83%"
"12/03/2000","511.50","508.00","512.50","498.25","150.20K","0.69%"
"11/26/2000","508.00","500.50","509.50","495.50","174.36K","1.45%"
"11/19/2000","500.75","486.25","502.00","486.25","91.61K","2.67%"
"11/12/2000","487.75","462.50","489.00","462.50","88.16K","5.29%"
"11/05/2000","463.25","474.25","480.00","462.00","31.63K","-2.11%"
"10/29/2000","473.25","456.50","476.00","453.50","98.59K","3.67%"
"10/22/2000","456.50","468.00","470.50","456.00","157.58K","-2.61%"
"10/15/2000","468.75","465.25","475.50","463.50","164.06K","0.59%"
"10/08/2000","466.00","484.00","486.50","465.50","175.05K","-3.92%"
"10/01/2000","485.00","488.25","493.50","481.50","157.63K","-1.12%"
"09/24/2000","490.50","495.75","502.75","489.25","159.90K","-1.11%"
"09/17/2000","496.00","483.25","499.50","482.00","157.83K","2.64%"
"09/10/2000","483.25","490.00","498.50","482.50","44.02K","-2.37%"
"09/03/2000","495.00","502.00","504.00","478.50","11.77K","0.46%"
"08/27/2000","492.75","470.00","497.00","466.25","26.24K","6.71%"
"08/20/2000","461.75","456.75","466.50","454.25","13.39K","0.76%"
"08/13/2000","458.25","452.00","466.50","452.00","16.06K","1.38%"
"08/06/2000","452.00","438.00","455.50","433.50","9.56K","3.43%"
"07/30/2000","437.00","444.00","449.75","436.50","17.57K","-2.46%"
"07/23/2000","448.00","460.25","466.00","447.00","57.76K","-2.66%"
"07/16/2000","460.25","452.00","460.50","452.00","20.51K","-1.07%"
"07/09/2000","465.25","471.25","477.00","463.00","5.42K","-1.74%"
"07/02/2000","473.50","477.75","480.00","464.00","18.65K","-0.84%"
"06/25/2000","477.50","499.00","505.50","477.00","98.80K","-4.12%"
"06/18/2000","498.00","508.00","512.00","497.25","80.86K","-1.34%"
"06/11/2000","504.75","515.50","517.00","499.50","188.49K","-3.07%"
"06/04/2000","520.75","537.75","542.00","517.50","159.09K","-2.44%"
"05/28/2000","533.75","526.50","534.50","512.25","126.50K","-0.09%"
"05/21/2000","534.25","552.50","560.00","525.00","188.98K","-3.65%"
"05/14/2000","554.50","560.00","560.50","536.50","215.17K","0.54%"
"05/07/2000","551.50","545.00","562.00","543.50","9.40K","-0.63%"
"04/30/2000","555.00","533.00","570.50","533.00","28.37K","5.41%"
"04/23/2000","526.50","536.25","547.50","522.50","92.41K","-1.82%"
"04/16/2000","536.25","528.00","538.00","526.00","56.59K","0.70%"
"04/09/2000","532.50","535.50","549.00","525.25","124.61K","-1.16%"
"04/02/2000","538.75","544.00","554.00","526.00","165.18K","-1.24%"
"03/26/2000","545.50","530.50","548.50","523.50","141.79K","2.78%"
"03/19/2000","530.75","527.50","534.00","519.50","154.20K","-1.26%"
"03/12/2000","537.50","499.00","538.50","499.00","115.89K","7.50%"
"03/05/2000","500.00","502.00","510.50","498.75","20.25K","-0.79%"
"02/27/2000","504.00","495.00","507.00","492.50","64.57K","1.41%"
"02/20/2000","497.00","514.00","519.50","492.00","112.58K","-3.40%"
"02/13/2000","514.50","503.75","516.00","501.50","140.46K","1.83%"
"02/06/2000","505.25","505.00","514.00","496.75","153.96K","-0.05%"
"01/30/2000","505.50","519.50","519.50","495.00","165.26K","-3.44%"
"01/23/2000","523.50","510.25","529.50","508.00","187.68K","3.61%"
"01/16/2000","505.25","489.00","507.50","486.50","151.59K","4.07%"
"01/09/2000","485.50","468.00","490.00","464.00","17.61K","2.97%"
"01/02/2000","471.50","461.00","473.00","455.75","42.33K","2.11%"